{"cameraMode":{"drawMode":0,"name":"Shaded","section":"Shading Mode"},"sceneLighting":true,"audioPlay":false,"sceneViewState":{"showFog":true,"showMaterialUpdate":false,"showSkybox":true,"showFlares":true,"showImageEffects":true,"showParticleSystems":true},"in2DMode":false,"pivot":{"x":26.86194610595703,"y":-68.1522445678711,"z":57.59823989868164},"rotation":{"x":0.3594009578227997,"y":0.15995769202709199,"z":-0.062718965113163,"w":0.9172665476799011},"size":50.7143669128418,"orthographic":false}