{"cameraMode":{"drawMode":0,"name":"Shaded","section":"Shading Mode"},"sceneLighting":false,"audioPlay":false,"sceneViewState":{"showFog":true,"showMaterialUpdate":false,"showSkybox":false,"showFlares":true,"showImageEffects":true,"showParticleSystems":true},"in2DMode":false,"pivot":{"x":0.45369768142700198,"y":0.159932941198349,"z":0.1925571858882904},"rotation":{"x":-0.10321912169456482,"y":0.850052535533905,"z":-0.1814601570367813,"w":-0.4835520088672638},"size":1.373387336730957,"orthographic":true}