{"cameraMode":{"drawMode":0,"name":"Shaded","section":"Shading Mode"},"sceneLighting":true,"audioPlay":false,"sceneViewState":{"showFog":true,"showMaterialUpdate":false,"showSkybox":true,"showFlares":true,"showImageEffects":true,"showParticleSystems":true},"in2DMode":false,"pivot":{"x":-13.967832565307618,"y":-12.711871147155762,"z":5.745275497436523},"rotation":{"x":0.22137853503227235,"y":-0.306671679019928,"z":0.07355425506830216,"w":0.9228152632713318},"size":22.110881805419923,"orthographic":false}